Workbook

Sheet MASTER Statements
A1: StatementId | B1: EquipmentId | C1: Equipment | D1: StatementName | E1: StatementContent
A2: 1 | B2: 1 | C2: =IFERROR(INDEX(EquipmentType!$B$2:$B$3,MATCH($B2,EquipmentType!$A$2:$A$3,0)),"?") | D2: Operation | E2: When auto run ready or manual run ready and no faults, then will command run.
A3: 2 | B3: 1 | C3: =IFERROR(INDEX(EquipmentType!$B$2:$B$3,MATCH($B3,EquipmentType!$A$2:$A$3,0)),"?") | D3: System Handle | E3: When operation mode in Auto, the Manual Start/Stop position will according with Operation Signal Run/Stop. During PLC Initialize or MCC Trip On, the Manual Operation position will be in Stop. During PLC Initialize, Run Fail Timer's delay time Set to 10 seconds. Operation Signal Run time will be recorded by runtime recorder.
A4: 3 | B4: 2 | C4: =IFERROR(INDEX(EquipmentType!$B$2:$B$3,MATCH($B4,EquipmentType!$A$2:$A$3,0)),"?") | D4: Operation | E4: When Manual Run Fulfilled or Auto Run Fulfilled, without trip Alarm, then PLC command Run. During motor Run, the running time will be recorded by timer recorder
A5: 4 | B5: 2 | C5: =IFERROR(INDEX(EquipmentType!$B$2:$B$3,MATCH($B5,EquipmentType!$A$2:$A$3,0)),"?") | D5: System Handle | E5: When in Auto Mode, Manual Operation position will change and retain according with Input Run Signal. During PLC Initializing or MCC Trip On, the Manual Operation position will be in Stop. During PLC Initializing, Run Fail Alarm Timer Setpoint assigned value 10 seconds. During PLC Initializing, Trip Alarm Timer Setpoint assigned value 3 seconds. Trip Alarm Timer will start counting when have Trip Feedback On. If the Trip Alarm Timer elapsed, Trip Alarm will turn on. Trip Alarm will off and Trip Alarm Timer will be reset when Trip Feedback is off. When Trip Alarm On, Trip Buzzer will turn on and retain. Trip Buzzer only can be reset by
A6: 7 | B6: 1 | C6: =IFERROR(INDEX(EquipmentType!$B$2:$B$3,MATCH($B6,EquipmentType!$A$2:$A$3,0)),"?") | D6: Run Failed | E6: When Operation signal Run not received after run fail timer elapsed, turn on Run Fail alarm, turn on Run Fail Buzzer once. When HMI Acknowledge, turn off Run Fail Buzzer
A7: 11 | B7: 1 | C7: =IFERROR(INDEX(EquipmentType!$B$2:$B$3,MATCH($B7,EquipmentType!$A$2:$A$3,0)),"?") | D7: Auto run ready | E7: When operation mode in Auto and Sequence Auto is fulfilled.
A8: 12 | B8: 1 | C8: =IFERROR(INDEX(EquipmentType!$B$2:$B$3,MATCH($B8,EquipmentType!$A$2:$A$3,0)),"?") | D8: Manual run ready | E8: When operation mode in Manual and manual started
A9: 13 | B9: 1 | C9: =IFERROR(INDEX(EquipmentType!$B$2:$B$3,MATCH($B9,EquipmentType!$A$2:$A$3,0)),"?") | D9: Faults | E9: When trip alarm is on or run fail alarm is on
A10: 17 | B10: 1 | C10: =IFERROR(INDEX(EquipmentType!$B$2:$B$3,MATCH($B10,EquipmentType!$A$2:$A$3,0)),"?") | D10: Trip | E10: When Trip Signal is On, turn on Trip Alarm, turn on Trip Buzzer once. When HMI Acknowledge, turn off Trip Buzzer.

Sheet MASTER Properties
A1: PropertyId | B1: PropertyName | C1: PlcFunctionId | D1: PlcFunction | E1: PlcVariable | F1: DataType | G1: TermId | H1: TermName | I1: PlcValue | J1: EquipmentId
A2: 1 | B2: =IFERROR(INDEX(StatementProperty!$B$2:$B$17,MATCH($A2,StatementProperty!$A$2:$A$17,0)),"?") | C2: =IFERROR(INDEX(StatementProperty!$C$2:$C$17,MATCH($A2,StatementProperty!$A$2:$A$17,0)),"?") | D2: =IFERROR(INDEX(PlcFunction!$B$2:$B$5,MATCH($C2,PlcFunction!$A$2:$A$5,0)),"?") | E2: =IFERROR(INDEX(StatementProperty!$D$2:$D$17,MATCH($A2,StatementProperty!$A$2:$A$17,0)),"?") | F2: =IFERROR(INDEX(StatementProperty!$E$2:$E$17,MATCH($A2,StatementProperty!$A$2:$A$17,0)),"") | G2: 1 | H2: Auto | I2: 0
A3: 1 | B3: =IFERROR(INDEX(StatementProperty!$B$2:$B$17,MATCH($A3,StatementProperty!$A$2:$A$17,0)),"?") | C3: =IFERROR(INDEX(StatementProperty!$C$2:$C$17,MATCH($A3,StatementProperty!$A$2:$A$17,0)),"?") | D3: =IFERROR(INDEX(PlcFunction!$B$2:$B$5,MATCH($C3,PlcFunction!$A$2:$A$5,0)),"?") | E3: =IFERROR(INDEX(StatementProperty!$D$2:$D$17,MATCH($A3,StatementProperty!$A$2:$A$17,0)),"?") | F3: =IFERROR(INDEX(StatementProperty!$E$2:$E$17,MATCH($A3,StatementProperty!$A$2:$A$17,0)),"") | G3: 2 | H3: Manual | I3: 1
A4: 2 | B4: =IFERROR(INDEX(StatementProperty!$B$2:$B$17,MATCH($A4,StatementProperty!$A$2:$A$17,0)),"?") | C4: =IFERROR(INDEX(StatementProperty!$C$2:$C$17,MATCH($A4,StatementProperty!$A$2:$A$17,0)),"?") | D4: =IFERROR(INDEX(PlcFunction!$B$2:$B$5,MATCH($C4,PlcFunction!$A$2:$A$5,0)),"?") | E4: =IFERROR(INDEX(StatementProperty!$D$2:$D$17,MATCH($A4,StatementProperty!$A$2:$A$17,0)),"?") | F4: =IFERROR(INDEX(StatementProperty!$E$2:$E$17,MATCH($A4,StatementProperty!$A$2:$A$17,0)),"") | G4: 3 | H4: Trip Off | I4: 0
A5: 2 | B5: =IFERROR(INDEX(StatementProperty!$B$2:$B$17,MATCH($A5,StatementProperty!$A$2:$A$17,0)),"?") | C5: =IFERROR(INDEX(StatementProperty!$C$2:$C$17,MATCH($A5,StatementProperty!$A$2:$A$17,0)),"?") | D5: =IFERROR(INDEX(PlcFunction!$B$2:$B$5,MATCH($C5,PlcFunction!$A$2:$A$5,0)),"?") | E5: =IFERROR(INDEX(StatementProperty!$D$2:$D$17,MATCH($A5,StatementProperty!$A$2:$A$17,0)),"?") | F5: =IFERROR(INDEX(StatementProperty!$E$2:$E$17,MATCH($A5,StatementProperty!$A$2:$A$17,0)),"") | G5: 4 | H5: Trip On | I5: 0
A6: 3 | B6: =IFERROR(INDEX(StatementProperty!$B$2:$B$17,MATCH($A6,StatementProperty!$A$2:$A$17,0)),"?") | C6: =IFERROR(INDEX(StatementProperty!$C$2:$C$17,MATCH($A6,StatementProperty!$A$2:$A$17,0)),"?") | D6: =IFERROR(INDEX(PlcFunction!$B$2:$B$5,MATCH($C6,PlcFunction!$A$2:$A$5,0)),"?") | E6: =IFERROR(INDEX(StatementProperty!$D$2:$D$17,MATCH($A6,StatementProperty!$A$2:$A$17,0)),"?") | F6: =IFERROR(INDEX(StatementProperty!$E$2:$E$17,MATCH($A6,StatementProperty!$A$2:$A$17,0)),"")
A7: 4 | B7: =IFERROR(INDEX(StatementProperty!$B$2:$B$17,MATCH($A7,StatementProperty!$A$2:$A$17,0)),"?") | C7: =IFERROR(INDEX(StatementProperty!$C$2:$C$17,MATCH($A7,StatementProperty!$A$2:$A$17,0)),"?") | D7: =IFERROR(INDEX(PlcFunction!$B$2:$B$5,MATCH($C7,PlcFunction!$A$2:$A$5,0)),"?") | E7: =IFERROR(INDEX(StatementProperty!$D$2:$D$17,MATCH($A7,StatementProperty!$A$2:$A$17,0)),"?") | F7: =IFERROR(INDEX(StatementProperty!$E$2:$E$17,MATCH($A7,StatementProperty!$A$2:$A$17,0)),"") | G7: 5 | H7: Start | I7: 1
A8: 4 | B8: =IFERROR(INDEX(StatementProperty!$B$2:$B$17,MATCH($A8,StatementProperty!$A$2:$A$17,0)),"?") | C8: =IFERROR(INDEX(StatementProperty!$C$2:$C$17,MATCH($A8,StatementProperty!$A$2:$A$17,0)),"?") | D8: =IFERROR(INDEX(PlcFunction!$B$2:$B$5,MATCH($C8,PlcFunction!$A$2:$A$5,0)),"?") | E8: =IFERROR(INDEX(StatementProperty!$D$2:$D$17,MATCH($A8,StatementProperty!$A$2:$A$17,0)),"?") | F8: =IFERROR(INDEX(StatementProperty!$E$2:$E$17,MATCH($A8,StatementProperty!$A$2:$A$17,0)),"") | G8: 6 | H8: Stop | I8: 0
A9: 5 | B9: =IFERROR(INDEX(StatementProperty!$B$2:$B$17,MATCH($A9,StatementProperty!$A$2:$A$17,0)),"?") | C9: =IFERROR(INDEX(StatementProperty!$C$2:$C$17,MATCH($A9,StatementProperty!$A$2:$A$17,0)),"?") | D9: =IFERROR(INDEX(PlcFunction!$B$2:$B$5,MATCH($C9,PlcFunction!$A$2:$A$5,0)),"?") | E9: =IFERROR(INDEX(StatementProperty!$D$2:$D$17,MATCH($A9,StatementProperty!$A$2:$A$17,0)),"?") | F9: =IFERROR(INDEX(StatementProperty!$E$2:$E$17,MATCH($A9,StatementProperty!$A$2:$A$17,0)),"") | G9: 7 | H9: On
A10: 5 | B10: =IFERROR(INDEX(StatementProperty!$B$2:$B$17,MATCH($A10,StatementProperty!$A$2:$A$17,0)),"?") | C10: =IFERROR(INDEX(StatementProperty!$C$2:$C$17,MATCH($A10,StatementProperty!$A$2:$A$17,0)),"?") | D10: =IFERROR(INDEX(PlcFunction!$B$2:$B$5,MATCH($C10,PlcFunction!$A$2:$A$5,0)),"?") | E10: =IFERROR(INDEX(StatementProperty!$D$2:$D$17,MATCH($A10,StatementProperty!$A$2:$A$17,0)),"?") | F10: =IFERROR(INDEX(StatementProperty!$E$2:$E$17,MATCH($A10,StatementProperty!$A$2:$A$17,0)),"") | G10: 8 | H10: Off
A11: 6 | B11: =IFERROR(INDEX(StatementProperty!$B$2:$B$17,MATCH($A11,StatementProperty!$A$2:$A$17,0)),"?") | C11: =IFERROR(INDEX(StatementProperty!$C$2:$C$17,MATCH($A11,StatementProperty!$A$2:$A$17,0)),"?") | D11: =IFERROR(INDEX(PlcFunction!$B$2:$B$5,MATCH($C11,PlcFunction!$A$2:$A$5,0)),"?") | E11: =IFERROR(INDEX(StatementProperty!$D$2:$D$17,MATCH($A11,StatementProperty!$A$2:$A$17,0)),"?") | F11: =IFERROR(INDEX(StatementProperty!$E$2:$E$17,MATCH($A11,StatementProperty!$A$2:$A$17,0)),"") | G11: 10 | H11: Run | I11: 1
A12: 6 | B12: =IFERROR(INDEX(StatementProperty!$B$2:$B$17,MATCH($A12,StatementProperty!$A$2:$A$17,0)),"?") | C12: =IFERROR(INDEX(StatementProperty!$C$2:$C$17,MATCH($A12,StatementProperty!$A$2:$A$17,0)),"?") | D12: =IFERROR(INDEX(PlcFunction!$B$2:$B$5,MATCH($C12,PlcFunction!$A$2:$A$5,0)),"?") | E12: =IFERROR(INDEX(StatementProperty!$D$2:$D$17,MATCH($A12,StatementProperty!$A$2:$A$17,0)),"?") | F12: =IFERROR(INDEX(StatementProperty!$E$2:$E$17,MATCH($A12,StatementProperty!$A$2:$A$17,0)),"") | G12: 11 | H12: Stop | I12: 0
A13: 7 | B13: =IFERROR(INDEX(StatementProperty!$B$2:$B$17,MATCH($A13,StatementProperty!$A$2:$A$17,0)),"?") | C13: =IFERROR(INDEX(StatementProperty!$C$2:$C$17,MATCH($A13,StatementProperty!$A$2:$A$17,0)),"?") | D13: =IFERROR(INDEX(PlcFunction!$B$2:$B$5,MATCH($C13,PlcFunction!$A$2:$A$5,0)),"?") | E13: =IFERROR(INDEX(StatementProperty!$D$2:$D$17,MATCH($A13,StatementProperty!$A$2:$A$17,0)),"?") | F13: =IFERROR(INDEX(StatementProperty!$E$2:$E$17,MATCH($A13,StatementProperty!$A$2:$A$17,0)),"") | G13: 12 | H13: Run | I13: 1
A14: 7 | B14: =IFERROR(INDEX(StatementProperty!$B$2:$B$17,MATCH($A14,StatementProperty!$A$2:$A$17,0)),"?") | C14: =IFERROR(INDEX(StatementProperty!$C$2:$C$17,MATCH($A14,StatementProperty!$A$2:$A$17,0)),"?") | D14: =IFERROR(INDEX(PlcFunction!$B$2:$B$5,MATCH($C14,PlcFunction!$A$2:$A$5,0)),"?") | E14: =IFERROR(INDEX(StatementProperty!$D$2:$D$17,MATCH($A14,StatementProperty!$A$2:$A$17,0)),"?") | F14: =IFERROR(INDEX(StatementProperty!$E$2:$E$17,MATCH($A14,StatementProperty!$A$2:$A$17,0)),"") | G14: 13 | H14: Stop | I14: 0
A15: 9 | B15: =IFERROR(INDEX(StatementProperty!$B$2:$B$17,MATCH($A15,StatementProperty!$A$2:$A$17,0)),"?") | C15: =IFERROR(INDEX(StatementProperty!$C$2:$C$17,MATCH($A15,StatementProperty!$A$2:$A$17,0)),"?") | D15: =IFERROR(INDEX(PlcFunction!$B$2:$B$5,MATCH($C15,PlcFunction!$A$2:$A$5,0)),"?") | E15: =IFERROR(INDEX(StatementProperty!$D$2:$D$17,MATCH($A15,StatementProperty!$A$2:$A$17,0)),"?") | F15: =IFERROR(INDEX(StatementProperty!$E$2:$E$17,MATCH($A15,StatementProperty!$A$2:$A$17,0)),"")
A16: 10 | B16: =IFERROR(INDEX(StatementProperty!$B$2:$B$17,MATCH($A16,StatementProperty!$A$2:$A$17,0)),"?") | C16: =IFERROR(INDEX(StatementProperty!$C$2:$C$17,MATCH($A16,StatementProperty!$A$2:$A$17,0)),"?") | D16: =IFERROR(INDEX(PlcFunction!$B$2:$B$5,MATCH($C16,PlcFunction!$A$2:$A$5,0)),"?") | E16: =IFERROR(INDEX(StatementProperty!$D$2:$D$17,MATCH($A16,StatementProperty!$A$2:$A$17,0)),"?") | F16: =IFERROR(INDEX(StatementProperty!$E$2:$E$17,MATCH($A16,StatementProperty!$A$2:$A$17,0)),"")
A17: 11 | B17: =IFERROR(INDEX(StatementProperty!$B$2:$B$17,MATCH($A17,StatementProperty!$A$2:$A$17,0)),"?") | C17: =IFERROR(INDEX(StatementProperty!$C$2:$C$17,MATCH($A17,StatementProperty!$A$2:$A$17,0)),"?") | D17: =IFERROR(INDEX(PlcFunction!$B$2:$B$5,MATCH($C17,PlcFunction!$A$2:$A$5,0)),"?") | E17: =IFERROR(INDEX(StatementProperty!$D$2:$D$17,MATCH($A17,StatementProperty!$A$2:$A$17,0)),"?") | F17: =IFERROR(INDEX(StatementProperty!$E$2:$E$17,MATCH($A17,StatementProperty!$A$2:$A$17,0)),"")
A18: 12 | B18: =IFERROR(INDEX(StatementProperty!$B$2:$B$17,MATCH($A18,StatementProperty!$A$2:$A$17,0)),"?") | C18: =IFERROR(INDEX(StatementProperty!$C$2:$C$17,MATCH($A18,StatementProperty!$A$2:$A$17,0)),"?") | D18: =IFERROR(INDEX(PlcFunction!$B$2:$B$5,MATCH($C18,PlcFunction!$A$2:$A$5,0)),"?") | E18: =IFERROR(INDEX(StatementProperty!$D$2:$D$17,MATCH($A18,StatementProperty!$A$2:$A$17,0)),"?") | F18: =IFERROR(INDEX(StatementProperty!$E$2:$E$17,MATCH($A18,StatementProperty!$A$2:$A$17,0)),"") | G18: 15 | H18: On
A19: 12 | B19: =IFERROR(INDEX(StatementProperty!$B$2:$B$17,MATCH($A19,StatementProperty!$A$2:$A$17,0)),"?") | C19: =IFERROR(INDEX(StatementProperty!$C$2:$C$17,MATCH($A19,StatementProperty!$A$2:$A$17,0)),"?") | D19: =IFERROR(INDEX(PlcFunction!$B$2:$B$5,MATCH($C19,PlcFunction!$A$2:$A$5,0)),"?") | E19: =IFERROR(INDEX(StatementProperty!$D$2:$D$17,MATCH($A19,StatementProperty!$A$2:$A$17,0)),"?") | F19: =IFERROR(INDEX(StatementProperty!$E$2:$E$17,MATCH($A19,StatementProperty!$A$2:$A$17,0)),"") | G19: 16 | H19: Off
A20: 13 | B20: =IFERROR(INDEX(StatementProperty!$B$2:$B$17,MATCH($A20,StatementProperty!$A$2:$A$17,0)),"?") | C20: =IFERROR(INDEX(StatementProperty!$C$2:$C$17,MATCH($A20,StatementProperty!$A$2:$A$17,0)),"?") | D20: =IFERROR(INDEX(PlcFunction!$B$2:$B$5,MATCH($C20,PlcFunction!$A$2:$A$5,0)),"?") | E20: =IFERROR(INDEX(StatementProperty!$D$2:$D$17,MATCH($A20,StatementProperty!$A$2:$A$17,0)),"?") | F20: =IFERROR(INDEX(StatementProperty!$E$2:$E$17,MATCH($A20,StatementProperty!$A$2:$A$17,0)),"") | G20: 17 | H20: On
A21: 13 | B21: =IFERROR(INDEX(StatementProperty!$B$2:$B$17,MATCH($A21,StatementProperty!$A$2:$A$17,0)),"?") | C21: =IFERROR(INDEX(StatementProperty!$C$2:$C$17,MATCH($A21,StatementProperty!$A$2:$A$17,0)),"?") | D21: =IFERROR(INDEX(PlcFunction!$B$2:$B$5,MATCH($C21,PlcFunction!$A$2:$A$5,0)),"?") | E21: =IFERROR(INDEX(StatementProperty!$D$2:$D$17,MATCH($A21,StatementProperty!$A$2:$A$17,0)),"?") | F21: =IFERROR(INDEX(StatementProperty!$E$2:$E$17,MATCH($A21,StatementProperty!$A$2:$A$17,0)),"") | G21: 18 | H21: Off
A22: 14 | B22: =IFERROR(INDEX(StatementProperty!$B$2:$B$17,MATCH($A22,StatementProperty!$A$2:$A$17,0)),"?") | C22: =IFERROR(INDEX(StatementProperty!$C$2:$C$17,MATCH($A22,StatementProperty!$A$2:$A$17,0)),"?") | D22: =IFERROR(INDEX(PlcFunction!$B$2:$B$5,MATCH($C22,PlcFunction!$A$2:$A$5,0)),"?") | E22: =IFERROR(INDEX(StatementProperty!$D$2:$D$17,MATCH($A22,StatementProperty!$A$2:$A$17,0)),"?") | F22: =IFERROR(INDEX(StatementProperty!$E$2:$E$17,MATCH($A22,StatementProperty!$A$2:$A$17,0)),"") | G22: 19 | H22: Fulfilled | I22: 1
A23: 14 | B23: =IFERROR(INDEX(StatementProperty!$B$2:$B$17,MATCH($A23,StatementProperty!$A$2:$A$17,0)),"?") | C23: =IFERROR(INDEX(StatementProperty!$C$2:$C$17,MATCH($A23,StatementProperty!$A$2:$A$17,0)),"?") | D23: =IFERROR(INDEX(PlcFunction!$B$2:$B$5,MATCH($C23,PlcFunction!$A$2:$A$5,0)),"?") | E23: =IFERROR(INDEX(StatementProperty!$D$2:$D$17,MATCH($A23,StatementProperty!$A$2:$A$17,0)),"?") | F23: =IFERROR(INDEX(StatementProperty!$E$2:$E$17,MATCH($A23,StatementProperty!$A$2:$A$17,0)),"") | G23: 20 | H23: Unfulfilled | I23: 0
A24: 15 | B24: =IFERROR(INDEX(StatementProperty!$B$2:$B$17,MATCH($A24,StatementProperty!$A$2:$A$17,0)),"?") | C24: =IFERROR(INDEX(StatementProperty!$C$2:$C$17,MATCH($A24,StatementProperty!$A$2:$A$17,0)),"?") | D24: =IFERROR(INDEX(PlcFunction!$B$2:$B$5,MATCH($C24,PlcFunction!$A$2:$A$5,0)),"?") | E24: =IFERROR(INDEX(StatementProperty!$D$2:$D$17,MATCH($A24,StatementProperty!$A$2:$A$17,0)),"?") | F24: =IFERROR(INDEX(StatementProperty!$E$2:$E$17,MATCH($A24,StatementProperty!$A$2:$A$17,0)),"") | G24: 21 | H24: On
A25: 15 | B25: =IFERROR(INDEX(StatementProperty!$B$2:$B$17,MATCH($A25,StatementProperty!$A$2:$A$17,0)),"?") | C25: =IFERROR(INDEX(StatementProperty!$C$2:$C$17,MATCH($A25,StatementProperty!$A$2:$A$17,0)),"?") | D25: =IFERROR(INDEX(PlcFunction!$B$2:$B$5,MATCH($C25,PlcFunction!$A$2:$A$5,0)),"?") | E25: =IFERROR(INDEX(StatementProperty!$D$2:$D$17,MATCH($A25,StatementProperty!$A$2:$A$17,0)),"?") | F25: =IFERROR(INDEX(StatementProperty!$E$2:$E$17,MATCH($A25,StatementProperty!$A$2:$A$17,0)),"") | G25: 22 | H25: Off
A26: 16 | B26: =IFERROR(INDEX(StatementProperty!$B$2:$B$17,MATCH($A26,StatementProperty!$A$2:$A$17,0)),"?") | C26: =IFERROR(INDEX(StatementProperty!$C$2:$C$17,MATCH($A26,StatementProperty!$A$2:$A$17,0)),"?") | D26: =IFERROR(INDEX(PlcFunction!$B$2:$B$5,MATCH($C26,PlcFunction!$A$2:$A$5,0)),"?") | E26: =IFERROR(INDEX(StatementProperty!$D$2:$D$17,MATCH($A26,StatementProperty!$A$2:$A$17,0)),"?") | F26: =IFERROR(INDEX(StatementProperty!$E$2:$E$17,MATCH($A26,StatementProperty!$A$2:$A$17,0)),"") | G26: 23 | H26: On
A27: 16 | B27: =IFERROR(INDEX(StatementProperty!$B$2:$B$17,MATCH($A27,StatementProperty!$A$2:$A$17,0)),"?") | C27: =IFERROR(INDEX(StatementProperty!$C$2:$C$17,MATCH($A27,StatementProperty!$A$2:$A$17,0)),"?") | D27: =IFERROR(INDEX(PlcFunction!$B$2:$B$5,MATCH($C27,PlcFunction!$A$2:$A$5,0)),"?") | E27: =IFERROR(INDEX(StatementProperty!$D$2:$D$17,MATCH($A27,StatementProperty!$A$2:$A$17,0)),"?") | F27: =IFERROR(INDEX(StatementProperty!$E$2:$E$17,MATCH($A27,StatementProperty!$A$2:$A$17,0)),"") | G27: 24 | H27: Off
A28: 17 | B28: =IFERROR(INDEX(StatementProperty!$B$2:$B$17,MATCH($A28,StatementProperty!$A$2:$A$17,0)),"?") | C28: =IFERROR(INDEX(StatementProperty!$C$2:$C$17,MATCH($A28,StatementProperty!$A$2:$A$17,0)),"?") | D28: =IFERROR(INDEX(PlcFunction!$B$2:$B$5,MATCH($C28,PlcFunction!$A$2:$A$5,0)),"?") | E28: =IFERROR(INDEX(StatementProperty!$D$2:$D$17,MATCH($A28,StatementProperty!$A$2:$A$17,0)),"?") | F28: =IFERROR(INDEX(StatementProperty!$E$2:$E$17,MATCH($A28,StatementProperty!$A$2:$A$17,0)),"")
A30: Yellow cells are for you to fill in.
A31: EquipmentId: which equipment this property belongs to. Not in the source data - see Data Issues.
A32: DataType: edit it on the StatementProperty sheet; this column reads from there.
A33: Example row: PropertyId 1, DataType BOOL, EquipmentId 1 (Motor).

Sheet EquipmentType
A1: Id | B1: Name | C1: ProfileId
A2: 1 | B2: Motor | C2: 1
A3: 2 | B3: Valve | C3: 1

Sheet PlcFunction
A1: Id | B1: Name | C1: ProfileId
A2: 1 | B2: HMI | C2: 1
A3: 2 | B3: PLC | C3: 1
A4: 3 | B4: Delay Timer | C4: 1
A5: 4 | B5: Time Recorder | C5: 1

Sheet Statement
A1: StatementId | B1: StatementName | C1: StatementContent | D1: EquipmentId
A2: 1 | B2: Operation | C2: When auto run ready or manual run ready and no faults, then will command run. | D2: 1
A3: 2 | B3: System Handle | C3: When operation mode in Auto, the Manual Start/Stop position will according with Operation Signal Run/Stop. During PLC Initialize or MCC Trip On, the Manual Operation position will be in Stop. During PLC Initialize, Run Fail Timer's delay time Set to 10 seconds. Operation Signal Run time will be recorded by runtime recorder. | D3: 1
A4: 3 | B4: Operation | C4: When Manual Run Fulfilled or Auto Run Fulfilled, without trip Alarm, then PLC command Run. During motor Run, the running time will be recorded by timer recorder | D4: 2
A5: 4 | B5: System Handle | C5: When in Auto Mode, Manual Operation position will change and retain according with Input Run Signal. During PLC Initializing or MCC Trip On, the Manual Operation position will be in Stop. During PLC Initializing, Run Fail Alarm Timer Setpoint assigned value 10 seconds. During PLC Initializing, Trip Alarm Timer Setpoint assigned value 3 seconds. Trip Alarm Timer will start counting when have Trip Feedback On. If the Trip Alarm Timer elapsed, Trip Alarm will turn on. Trip Alarm will off and Trip Alarm Timer will be reset when Trip Feedback is off. When Trip Alarm On, Trip Buzzer will turn on and retain. Trip Buzzer only can be reset by | D5: 2
A6: 7 | B6: Run Failed | C6: When Operation signal Run not received after run fail timer elapsed, turn on Run Fail alarm, turn on Run Fail Buzzer once. When HMI Acknowledge, turn off Run Fail Buzzer | D6: 1
A7: 11 | B7: Auto run ready | C7: When operation mode in Auto and Sequence Auto is fulfilled. | D7: 1
A8: 12 | B8: Manual run ready | C8: When operation mode in Manual and manual started | D8: 1
A9: 13 | B9: Faults | C9: When trip alarm is on or run fail alarm is on | D9: 1
A10: 17 | B10: Trip | C10: When Trip Signal is On, turn on Trip Alarm, turn on Trip Buzzer once. When HMI Acknowledge, turn off Trip Buzzer. | D10: 1

Sheet StatementProperty
A1: PropertyId | B1: PropertyName | C1: PlcFunctionId | D1: PlcVariable | E1: DataType
A2: 1 | B2: Operation Mode | C2: 1 | D2: blnMA
A3: 2 | B3: MCC Trip | C3: 1 | D3: New Instance
A4: 3 | B4: VOP | C4: 1 | D4: New Instance
A5: 4 | B5: Manual | C5: 1 | D5: blnMC
A6: 5 | B6: Trip Signal | C6: 2 | D6: blnTRP
A7: 6 | B7: Operation Signal | C7: 2 | D7: blnRUN
A8: 7 | B8: Command | C8: 2 | D8: blnOut
A9: 9 | B9: PLC Initialize | C9: 2 | D9: PLCInit
A10: 10 | B10: Run Fail Timer | C10: 3 | D10: tmrRFAL
A11: 11 | B11: Runtime recorder | C11: 4 | D11: RFTimer
A12: 12 | B12: Trip Alarm | C12: 1 | D12: New Instance
A13: 13 | B13: Run Fail Alarm | C13: 1 | D13: New Instance
... A17: 17 | B17: HMI Acknowledge | C17: 1 | D17: SysAck

Sheet StatementTerm
A1: TermId | B1: TermName | C1: PropertyId | D1: PlcValue
A2: 1 | B2: Auto | C2: 1 | D2: 0
A3: 2 | B3: Manual | C3: 1 | D3: 1
A4: 3 | B4: Trip Off | C4: 2 | D4: 0
A5: 4 | B5: Trip On | C5: 2 | D5: 0
A6: 5 | B6: Start | C6: 4 | D6: 1
A7: 6 | B7: Stop | C7: 4 | D7: 0
A8: 7 | B8: On | C8: 5
A9: 8 | B9: Off | C9: 5
A10: 10 | B10: Run | C10: 6 | D10: 1
A11: 11 | B11: Stop | C11: 6 | D11: 0
A12: 12 | B12: Run | C12: 7 | D12: 1
A13: 13 | B13: Stop | C13: 7 | D13: 0
A14: 15 | B14: On | C14: 12
A15: 16 | B15: Off | C15: 12
A16: 17 | B16: On | C16: 13
A17: 18 | B17: Off | C17: 13
A18: 19 | B18: Fulfilled | C18: 14 | D18: 1
A19: 20 | B19: Unfulfilled | C19: 14 | D19: 0
A20: 21 | B20: On | C20: 15
A21: 22 | B21: Off | C21: 15
A22: 23 | B22: On | C22: 16
A23: 24 | B23: Off | C23: 16

Sheet Data Issues
A1: # | B1: Severity | C1: Where | D1: Issue | E1: Suggested fix
A2: 1 | B2: Blocking | C2: StatementProperty | D2: No foreign key to Statement or EquipmentType. Nothing says which equipment a property belongs to, so properties and statements cannot be joined. | E2: Add an EquipmentId column (or a link table if a property is shared across equipment).
A3: 2 | B3: High | C3: StatementProperty - 6 rows | D3: PlcVariable is the placeholder 'New Instance' for MCC Trip, VOP, Trip Alarm, Run Fail Alarm, Run Fail Buzzer, Trip Buzzer. | E3: Assign real tag names. Generated code cannot reference a placeholder, and validation cannot check it.
A4: 3 | B4: High | C4: StatementTerm - TermId 3 and 4 | D4: Trip Off = 0 and Trip On = 0. Both states carry the same value. | E4: Trip On is most likely 1. Confirm against the PLC.
A5: 4 | B5: Medium | C5: StatementProperty | D5: No DataType column. The translator needs BOOL / INT / TON / TIME to choose TRUE/FALSE versus 1/0, and to call timers correctly. | E5: Fill the DataType column added on the StatementProperty sheet.
A6: 5 | B6: Medium | C6: StatementTerm - 10 rows | D6: PlcValue is blank for every On/Off pair (TermIds 7, 8, 15-18, 21-24). | E6: Fill in, or confirm these are BOOL where On = TRUE and Off = FALSE and no numeric value is needed.
A7: 6 | B7: Low | C7: Statement - Ids 1 and 3, 2 and 4 | D7: 'Operation' and 'System Handle' each appear twice, once per equipment, with different content. | E7: Correct if intended - the name is unique per equipment, not globally. Worth noting for anyone reading the table.
